1f7LGOCLOMJBYa6eScgwa0PEjWv_Jp4W6	depth/frame-000000.depth.png
1BYgQZhHz7rSmm0k4zvNDPAn367jRIvCA	depth/frame-000001.depth.png
1SnpZKH4RFuXjsWScuk2SKcXAOwXRZWKk	depth/frame-000002.depth.png
10Z4sXRDzRvkGAd6hhoR0BWrvt8eypjEE	depth/frame-000003.depth.png
1A8890cGhZQBdoDtnHJcgweSyv9-FiTRL	depth/frame-000004.depth.png
17Ek4s2iatPPXDOvcIvegSsFtLQJiB6bv	depth/frame-000005.depth.png
1x2lZrblvjdKT6zF53NrpuxgIbKGYOEdC	depth/frame-000006.depth.png
1hcmxwVmxBwdSZq4df6QKrm2oGgu3JFyc	depth/frame-000007.depth.png
1T1a0xQPmcN7qljJ7qZ9LtMVMS0U2WD0E	depth/frame-000008.depth.png
1SEqwHVT5ZwaCEq8lRQa9HK8e54pj-33c	depth/frame-000009.depth.png
1rp7o-Hk9cjQmSqcMsWClhnblh_VYTzJi	depth/frame-000010.depth.png
1nwhfk23DOQF81wY0N_NA5gVDMe0T32OS	depth/frame-000011.depth.png
175AFvwT_EC84U7yg1_hMsjGAoYNaReFx	depth/frame-000012.depth.png
1ZSusTAB0TzaRDy77B5Rp3TjjLMOroSE_	depth/frame-000013.depth.png
1osOPQiHIQi3WwNnaWSkjvTgHxITJtf5l	depth/frame-000014.depth.png
1aPaVoef9ej2dJZq-SDCiyjKoX21EwOkY	depth/frame-000015.depth.png
1QHYNd1YFM737a_YTo1KCo7sxymtvd8Hi	depth/frame-000016.depth.png
1ilgZ4ScFsoHZ_gQdKnfK5BoOq-L74_8n	depth/frame-000017.depth.png
1LNm0gNO3gV2zIlH80KoDSueatQQ6sYeb	depth/frame-000018.depth.png
1HNJeK6PUnXT2G_e6y9Wz71gATm4Gn1__	depth/frame-000019.depth.png
1WvahA2Puscrlk45oEWNPWFdxr7oJtGQs	depth/frame-000020.depth.png
1FwUqOD86yeRP6CmeYjzxBD0D1FU8fcIv	depth/frame-000021.depth.png
1FZhU-rcI8zAa6HmJ3TnvftcwpYsX6j6U	depth/frame-000022.depth.png
14t_wi_ODihmIb55A-fUlA6XJI-sq0GEM	depth/frame-000023.depth.png
1G8R7tduxYfNJEnKHPFwGz88URNWAlTbV	depth/frame-000024.depth.png
1n9yBXV05ag43t6UChHQAMJlLbyuaNLLP	depth/frame-000025.depth.png
1K2VlePXW9-kA7wLSpE4E0uU2xhVJNtuX	depth/frame-000026.depth.png
1ZjtsxTesmPfXACqkX_cxqmxD7biol5V5	depth/frame-000027.depth.png
1yS56g42-_Hf2DvrVpYKwNJkxHCL0-_Kv	depth/frame-000028.depth.png
16w-Q5yiUXMpkQp3D982JptaH3YCi6iVH	depth/frame-000029.depth.png
1A0xc_K-CgmrcasBTofwOebHzrdOn2OlM	depth/frame-000030.depth.png
1pQHDzOG5PZK9A8UtvMEj_s4HsOOIko-A	depth/frame-000031.depth.png
1fin-sgDKvKBFujDkti4t2OOOr5dGomof	depth/frame-000032.depth.png
1bE3Ds4sFZT6GClpg39VBSJxvWeMpjQoi	depth/frame-000033.depth.png
1I4GTlQe4lPtslCixTe9BYsr6daMlCEdu	depth/frame-000034.depth.png
1p4qlDDuVm08A3T_PQHbIY9l4ADDMnmZL	depth/frame-000035.depth.png
1TotxDPkcwl10g7k_tj8wa0JIc7JH2nUV	depth/frame-000036.depth.png
1qqMw8StZS0Q_42k_Go9KRfHvFTJe24VP	depth/frame-000037.depth.png
1qLxZcDW0zdbdSmMtznwbS34d563nIAaF	depth/frame-000038.depth.png
1Knys_Vau4dHzlqDa24olvLekn39RUkI3	depth/frame-000039.depth.png
1MFPaEZYp98jQ9Ysbhq0Hheq-vyRxYb6N	depth/frame-000040.depth.png
1BR_uD1f-3DiXeNLzmNvgaYHrIFmvGrQz	depth/frame-000041.depth.png
1Mup5QwsDwQximKgJ_-yiLP3U0jJPs3WX	depth/frame-000042.depth.png
1lJkL2CJSUcA1ghY8n31AU13HXidNYUE8	depth/frame-000043.depth.png
18POJHRREyS-LUuk_5UnlNHuM6o7trQi4	depth/frame-000044.depth.png
1sUwG2ACQWToyij6JfVu_-1x1PvrKnQlh	depth/frame-000045.depth.png
18J51qV6IXKqvalkg6jWbqlYIFGDu9OfW	depth/frame-000046.depth.png
1dxsPOcvK6kPWokpaR1bdeUH5x0Zvnhxo	depth/frame-000047.depth.png
1icWSbuNdV_-wH_GJaW7upFYiBXpYUbGp	depth/frame-000048.depth.png
1G36ba6o_AGK4nukkmaPWUTGpoulUALP-	depth/frame-000049.depth.png
1J1b_JWkyEVr3OUTDPdIzRS6GFwa1urF1	depth/frame-000050.depth.png
1B-Uy3twj0-Qr5UUougxX0Ij-GMHsu7kZ	depth/frame-000051.depth.png
1oHYYMMW1BKjIOhn89UayP70A15jW0URs	depth/frame-000052.depth.png
1fDyHOJARDS3RQDUG2gsv8AfWnqQCb605	depth/frame-000053.depth.png
19fq8hbbR1SBIJ0r29AIxSaxzOmQuSW4z	depth/frame-000054.depth.png
1pmvBkb1oFiPJ3kp4JTKjkNWRbgenU1u_	depth/frame-000055.depth.png
1m6EjoRV4KkWZMicNxiiY8dimAeUqHrdi	depth/frame-000056.depth.png
14oXZiQq9iKdHZUu9S0bPJfiPgATu8Mpn	depth/frame-000057.depth.png
1GJA1lwx938cIxOGqa3ZMtn2HsyRhBSEV	depth/frame-000058.depth.png
1l10u5kTm3gx-SfBjTLa6UBd2tWWED4UE	depth/frame-000059.depth.png
14AcXwQVHnGrqHyl-LkwZJUfCXrvCDq9V	depth/frame-000060.depth.png
1IE3XtYCUX_l2ZAAP_ziQ_VXf-1rHF-Ah	depth/frame-000061.depth.png
1g9ER42AYZAFkljxvC6_LemrofZ0kgUgv	depth/frame-000062.depth.png
1Rv03KtzZZtnmfWbEe6VxFMMD4InND9OM	depth/frame-000063.depth.png
1hKSbxhlylSjFt3uABAiHQoariIOXeJEE	depth/frame-000064.depth.png
1ySCTB5mFvjBNlLl1uQbp6CPVJzvkuBmW	depth/frame-000065.depth.png
1unDSkEoJBAVUC6ayGyJL8wlezf0C_RFH	depth/frame-000066.depth.png
1udbrVtlaCfmv4u55tEzF2X9_JNPARf4B	depth/frame-000067.depth.png
10Ie6vwGbt0_R7lrCtOgl_-W894riSnBB	depth/frame-000068.depth.png
104FQTfzMEdhrq2eVSKI_5znr7XGq7CXp	depth/frame-000069.depth.png
1qElRZ6Xl_So5h8sA3aINW83HD1D06eLE	depth/frame-000070.depth.png
1pk1bvtn9atuj80BMwkp4KXIEhraF6JHT	depth/frame-000071.depth.png
1Fl_RKeSPxKn5j3PNQYE1mQNu8CHfXqHW	depth/frame-000072.depth.png
15wdIrmK93T5QmZ-N5sHT67csGOhWT_jf	depth/frame-000073.depth.png
1meP5Ckv8ocYB642ws4mEgaN5Y-mTpmwK	depth/frame-000074.depth.png
12HZDjgPmGg8RX6qME7NTJcMuRnXjqoCm	depth/frame-000075.depth.png
16j_QAU9V1wtr4dD9x-mJBva38a6n38OG	depth/frame-000076.depth.png
11ee1bd8S4-95wGADYGZxnRjHr02J_Ng2	depth/frame-000077.depth.png
1hY9zRvTAHj2Y7-BashPTHUEarDQtpbbt	depth/frame-000078.depth.png
1EV3hpmhMVrNlnoNAf814k1Y2fziqL4TP	depth/frame-000079.depth.png
1zMGo4t6G13ISwUUmipP9vDTwEUJfiMTk	depth/frame-000080.depth.png
1AtJ8lZu6ubg95w-qE6LAkkxln8yTYCxM	depth/frame-000081.depth.png
1Iy4wW6zO-hNt8CmHvsawWGu3tNMgLPaz	depth/frame-000082.depth.png
1IRVTtPbGHMZOmQBo2QSZ7eHY80edUaTI	depth/frame-000083.depth.png
1eV3vvUHTBA3GVTzRn6SFECxP73XlosEy	depth/frame-000084.depth.png
17lel1QmrVkeQm1K-ubDNGJ0OlvZ8EOhG	depth/frame-000085.depth.png
1p2wWY5s6pk3TrNGaURllcWKt_xOho4vn	depth/frame-000086.depth.png
1_6FtsnwEGSEQFlWDkC9vnqzH-gnlOa6L	depth/frame-000087.depth.png
1m8rXTpH0jCAcuw77Sb7oinLUqE7Nh_G-	depth/frame-000088.depth.png
1oss9Ir1_WqGUqWl6ODAqXtw0M34WUu3F	depth/frame-000089.depth.png
1ONO1JyahYEIyTChlfla_ZsAUALF0y_Wb	depth/frame-000090.depth.png
1Z3jRiB5J7WXXLxuynn6fiN0hl3rz7_jf	depth/frame-000091.depth.png
1AhZfLUv-BQD2zX5YmhVFWqlBRBayqBNW	depth/frame-000092.depth.png
1zH4L9__xJRyPXOWTDL8-nWN229C5Hzgm	depth/frame-000093.depth.png
1PHr9TN3Gwl29Hn-JbWRepks2kkwy4o5V	depth/frame-000094.depth.png
11LWmqHV_b5Oq-8W--J0iTFof1IEKpoO4	depth/frame-000095.depth.png
1LnLjWMvHSI-PBLsLrRiuJr-zLPBT42ay	depth/frame-000096.depth.png
1lpIzG1yjULowhC8hWdyeiV4rbSLoov1V	depth/frame-000097.depth.png
1yNMuv4ZLK1r5YSR4BK536zixhhf-eVHL	depth/frame-000098.depth.png
1IfsGpIrCboyEFo3BCyPzvP739XTluOFw	depth/frame-000099.depth.png
1kmV_k-8P3_9AN9ZSj8jyq5re3QxlVHMa	depth/frame-000100.depth.png
1xPXRb_UnuDKj2rvbiHv1TWAAVwNPfSIq	depth/frame-000101.depth.png
1UtpZh9lX4NpUgEnCpSm4EESlGY6L68Rg	depth/frame-000102.depth.png
1XiRV6ApAhgohGKsZ1XbhwDHg_s5ZIwRn	depth/frame-000103.depth.png
10OEX27MJV4DtbzOolcCwnzzID7lbmpDh	depth/frame-000104.depth.png
1jGI_xMp9GG1RCvUyc7ns6vQp30A27fv2	depth/frame-000105.depth.png
1aSvK9TbELQoqFmCcs-i2bzbEuGU4AHvD	depth/frame-000106.depth.png
1L4DsZon6U-3OT8t3BYpo15FcIARWbi3B	depth/frame-000107.depth.png
1K0gHV5k7eIANkF_kvHRdiW0vLb7xf_rx	depth/frame-000108.depth.png
1GTsASS9IrwyOT_ksy8G0lT9oCopcgZ0v	depth/frame-000109.depth.png
17cyaTEdx6j2mBZ4dVCckG0KFt274NNsF	depth/frame-000110.depth.png
1u9sKBXWTstEs2velcW3x5CLvm7ayeWKb	depth/frame-000111.depth.png
1eMKvqu_T2nCvFkavTNhzG-IIm6gpIrz0	depth/frame-000112.depth.png
1ru-qZ9WBLDboeu5rn72-xf3Tncn6kfbA	depth/frame-000113.depth.png
1SCtFcNhV7qLdAQqB-D96R_F4X-ZzvD1n	depth/frame-000114.depth.png
187aTynYSs8MfiKPY-YxgUt8uzeyfQGZk	depth/frame-000115.depth.png
1ZEbdW5YP1cFNzciOsXusPm4NqeIg2pJr	depth/frame-000116.depth.png
1x0pbnVaVDd27r4IT8jlMz5EV3rkZDSP2	depth/frame-000117.depth.png
1i1dWuuGZK0Si9398LWG2UshN-tgnjMVQ	depth/frame-000118.depth.png
12eNuy-hSbzMIFFAYjMn74Po0VkdDrBc3	depth/frame-000119.depth.png
1xygLO72vnL8PqGhtS97UubmoXDRfZWYP	depth/frame-000120.depth.png
1b_xd4WFNm95JmX8G4rS5f_QJOAZC_V77	depth/frame-000121.depth.png
1uISOK66K46pM1SV_Uytnw03r-igqhbz5	depth/frame-000122.depth.png
1acHlbe8cxcPe5yE-Hcm0uejeutiI79dP	depth/frame-000123.depth.png
1KUBGMQ6aGoHlnzf92FPf8hxRrxoChyZ_	depth/frame-000124.depth.png
1Y1_nA5ox4EzyYGyGLaAgE9nstDvIEKq_	depth/frame-000125.depth.png
1ClYo12T9huoR5mTyoqxogkApX5BrSuvQ	depth/frame-000126.depth.png
1z0M7RcBXkwWcqvT1qoYUVFiWg03uOWqb	depth/frame-000127.depth.png
12XdZ70pw6JLVTG3vitSLAk9PIUI9vPzb	depth/frame-000128.depth.png
1kzVXra-R3lIA574FKTIDYX5arkvHYWZe	depth/frame-000129.depth.png
1bGSpcgWsG3eNT04x8xRh0jRKzSTM4zsE	depth/frame-000130.depth.png
1jDI7O4v_odFMPDhYiqOBi7qePRvlytAi	depth/frame-000131.depth.png
1wxronS-14Ol6-XHvPiIwjJW2aWg38Uk3	depth/frame-000132.depth.png
1XUgzF-AgpXZq6xK5sX7c_RWcJnufLm-n	depth/frame-000133.depth.png
1qt5zZvAFSYxeo7ualupFi8YYX2w-WsMN	depth/frame-000134.depth.png
1Va5GJCwsQbJFGBPZs5nXsTWBvzrLVApq	depth/frame-000135.depth.png
1wdHgFKZMtguIVvVQp-F8bes2pxoisAQu	depth/frame-000136.depth.png
1ML9G5fG1WKw0kk1oKqflYkebr0CJ-v6A	depth/frame-000137.depth.png
1pGK54qNcg3FH5ArlMqYb89WFq-iff55M	depth/frame-000138.depth.png
14g3Ab_04PQise9mV2oUoKOa6CDbG5grH	depth/frame-000139.depth.png
1JqvGYYWg6GKFEDeKAzyOSREfV2JMhrjV	depth/frame-000140.depth.png
1_yQZDGBvHXlLcYip4YMp2_5jwSdpISvw	depth/frame-000141.depth.png
1iOYA4xpVbTBXAxpDAAp0HklbyNUqbLM6	depth/frame-000142.depth.png
1Z0rJ13Gmipk5EVtStP3oW87Vq2fNMF6T	depth/frame-000143.depth.png
1OtucDdl7Ep3RfQVDJ-GkpSYFWCmggMmA	depth/frame-000144.depth.png
1hW4wrjwSJphhVKp-qtOPx4VW7xrq1-eS	depth/frame-000145.depth.png
1voCmqtnx_vmo_h-oIa-ytMz-CML-okAW	depth/frame-000146.depth.png
17CEaEGPUrPXgGzQX2Ud4Rg8DiYdVMzvD	depth/frame-000147.depth.png
1F39uD79hxZD5F5oOOiMls_J5JokWVIUn	depth/frame-000148.depth.png
1p7aKnnuSTsBAowr6Op9Wa02PQ44mvufV	depth/frame-000149.depth.png
1zVCSLxA7jHUssSMMADSiJLD95ZSW6B2A	depth/frame-000150.depth.png
1RQAWoNf_eGOd5_mpCJHUpTt5295yALq9	depth/frame-000151.depth.png
1PZYxKZtaJoZ37uEsXWOupkEsg7DV474X	depth/frame-000152.depth.png
1wFjr8_NuHjUGrZ1vyhs1NU-Knjd3zwiv	depth/frame-000153.depth.png
1B1R528rP_he0TtjGEUkrxOCvPjvNybS0	depth/frame-000154.depth.png
1cebIXM79pHP0Mdv3QAOOJmoA_DRxOZdH	depth/frame-000155.depth.png
1FjGdJAqLF7fAZAaB0bLRB68kvb-mfyH1	gt_masks/000000.png
1JnDWZcTncxJORNMGiwxyjf4FL9GsPJZe	gt_masks/000001.png
1o1VhTnvOGJZNgsbldZ7o1kYFDKuNq3zD	gt_masks/000002.png
1ytdXzFdAIL9oECmsw0OGe-vvEfe6Gew0	gt_masks/000003.png
1M4F9Sa8SFzPbvoUePBdYW1kwd-FOqzCp	gt_masks/000004.png
1oC3eN8fbc0cYPxuPc0Gr9_nEnppLSVjM	gt_masks/000005.png
1HQUccTx1mMMTXZnlAHFeN9HC4XE7CaMY	gt_masks/000006.png
15ue4PgrGBX4elgzwlJlFlNf8BLZg2YUE	gt_masks/000007.png
1sAc6wrxsjgjMkZYN4PzzGu1W-dssZpdR	gt_masks/000008.png
1o6tiVkqqWdB6YwRwlYrTbUzU1MNISJBs	gt_masks/000009.png
1LTVDC4ZvKuC4D1NzfmN92iW8OhzioWsz	gt_masks/000010.png
1ES4w_9HvzunZEgpGg8IJt8ZFuFKXFdLA	gt_masks/000011.png
1T_IFUSIFXsopZkXnMahBJa_p-mIlZaNx	gt_masks/000012.png
1y7e_NCTgHtsEiY2KohnRZL67aKSyEhqC	gt_masks/000013.png
1T9IJxWXzqA63oT_GpYL9Q1ufhSO-cel2	gt_masks/000014.png
1qEhUed9emMLysPIjzv8McqmnhepZZZhe	gt_masks/000015.png
1tr1cd1_0uZ3QJRh4etAHM5Q_8yi5_K0M	gt_masks/000016.png
1xQoPWiNN-eTIbT_cP4A_hq45dV4jbc-x	gt_masks/000017.png
1W6OLtWivJXUfizRyu3YwMpL2MkZTULsh	gt_masks/000018.png
1kjWtbq_W4GfAJUipxnnEEMzFKLQGEIzi	gt_masks/000019.png
1D7ZnkIf-FOup0dKH1_rfRFFtp-TWkIUA	gt_masks/000020.png
1rtoST0nb7GjpIYaLJmqEn6oEQ7hYgmCr	gt_masks/000021.png
1O7Bl2fSRk12p_yn7iA7oGt6FxSkh70YR	gt_masks/000022.png
1YEYH3wAkC7AGDliiiPBki2EvlxmM5uB6	gt_masks/000023.png
1gJ2cIrvyaOaZO3x6oZXnpi3-qpRAFdhN	gt_masks/000024.png
18f4_zYtHRO8c5jx1qRton6oQ36CXXbwV	gt_masks/000025.png
1fHjrSHhce39_9pUa59UE_QDaL9Bp013N	gt_masks/000026.png
1oYpYTyePecHjdIzzYi6hApTX_oyZcI43	gt_masks/000027.png
16PM-yoxXp-C5hHGcvnvq686lVefTaNkv	gt_masks/000028.png
1qioAvDw2_CaHovxpZiaGhHJsmDHNUN0Z	gt_masks/000029.png
1pl99Dmjk1v8XVrQlJf1MHZxZMPL1iERG	gt_masks/000030.png
1cpBFnsPkKrC-K6U-gXjowUoZYMGAjZ7i	gt_masks/000031.png
1JS_DaFtCPxRWkWxX99wmmAghfWX_53mQ	gt_masks/000032.png
1krj1Fn0GETm1fafd8EEjAGXArxxZeP0r	gt_masks/000033.png
1T3XqyY0cvSp1vc27vRL7mhcRpbLkCd1n	gt_masks/000034.png
1aeuKkYbXb3rz2PPx54c80tpkbK2pYeGu	gt_masks/000035.png
17tNUkIvxX6db0rtDTHLAFWGY9g5NsmGC	gt_masks/000036.png
1ueeldj8GTMLOX2v7t9klvCH3adF0-EQo	gt_masks/000037.png
1tRyLU1rsHQVt2-6p1DmWsZo3ek-ngeaV	gt_masks/000038.png
1cv4fSLvLe3O8lHBy0K-Is2kMMpJIynqs	gt_masks/000039.png
1K9eiNh66yH53gM7brdEMF8hr8YON_zIg	gt_masks/000040.png
12NhIvzE2EDPeGjGbaQl7M78MG3jp-WY7	gt_masks/000041.png
1sKiSSNF-nSwCTLv2GGNbXbVe8KPgW2y1	gt_masks/000042.png
1kwS1PqGbCeZVDOWkHKxZgaEfuVKluBuP	gt_masks/000043.png
194Sr0rtFbSwSvF4_CLzMCkx9wFEB_vbh	gt_masks/000044.png
1w3rn3GUh9ppvfNn5kTiWjSqtVXXLKy_a	gt_masks/000045.png
1cCtmQ7U5yn3S4fm6eZDhHhb-diMjr17R	gt_masks/000046.png
15TS2bnJ5Vqp0rAogcptv2Yflm8L41Bin	gt_masks/000047.png
1c-IrNx2brW1jPLEL3VsNv2DPLggy5pF4	gt_masks/000048.png
1SaXFq-p2cikNJcoF35PyakvwzjY9vrfD	gt_masks/000049.png
1zEfMkaBLQK1_F7VkB5SRTvYZuQCMh6UM	gt_masks/000050.png
1r6CbS7lArwkSXx-DAfjoiQG-wYTty2GI	gt_masks/000051.png
1DVA7PEr-_CWFxZIDtpXPBQjUnB9lsTfJ	gt_masks/000052.png
1yHpEaACSN6FYqrDV6dWD-PkotrSbhxD5	gt_masks/000053.png
1HQ5NVKHDqUBu1qRlZzc9Dyb3NeGtot5K	gt_masks/000054.png
1oa31ZWhBiUAjzWxxptM2Z6srb9dtH7qe	gt_masks/000055.png
192X8EueTRd7uLle3IYxxlOGznlcYevtb	gt_masks/000056.png
1jfg22tFKXbw87zxXAwJ6BBnF7eS-tXm9	gt_masks/000057.png
1D30twDtqO6_VVhWMwdOofYX9S5-Y86P2	gt_masks/000058.png
1O138WRvfbpb4lHKhdJWHZM4lH3IBeSzu	gt_masks/000059.png
1wezorJ2dqiH2v_OU5YatiFwO8M9nyjkD	gt_masks/000060.png
1jG2Y-DAzR6yH0SFsLs8pRBYSijrR18EC	gt_masks/000061.png
1l4utdNQ59K1Vt7TBOiarP8CcOA7k4SUu	gt_masks/000062.png
1Iwm6m5sRrx_Nivo3-V2WUGEZqOHy3vR6	gt_masks/000063.png
1Ne9t-HwohRMlwto3Y1urXhvdFg39WT42	gt_masks/000064.png
1pZ7T8S0L7NHtaZXq8T9PbX6m6g6HCgET	gt_masks/000065.png
1pwUiPi04PZuoHcu4Ap6AKjFclIX3Zp09	gt_masks/000066.png
1wvZJW04luZ5pBjwp787ex3wa0nidPgVt	gt_masks/000067.png
1GsjlI5TwE8A18ArVUvGpxiBDKWcED23S	gt_masks/000068.png
1ALC87bF5BoRgPHkZOruPbit5EfLxmwMZ	gt_masks/000069.png
1XCRTfqVWVdm00pFwmu75QrXkSvZrMBci	gt_masks/000070.png
1DI0or2QfPqbSE9a4xELaEaW2QnhOgC4o	gt_masks/000071.png
1268e1Gdm_gr_Nl_QMsAErjpJXwTEsnXh	gt_masks/000072.png
1rLcIMz2H2dZKOff9RaJuco1K8v_SaAB4	gt_masks/000073.png
1xlRzNuLXcn--CpZI-_5p5sxG3kObYK5y	gt_masks/000074.png
1J8GyCtPeEEK42Ypac6o85Wy1V1-npqlV	gt_masks/000075.png
18p0GPqh7RI4wU3TQHW9vFAaZmipzgnRT	gt_masks/000076.png
1jW_cafLDrmsgYtIOn78qWYzsqeItOERP	gt_masks/000077.png
1NwgupxC7-B2j3rJNAjV98yGV6IVhpu4R	gt_masks/000078.png
19vsezQMJ31t7ts7pu4sDK61CDOw-pCpN	gt_masks/000079.png
1G6zQq6Clqp7ODVJTo_DGGa9U1ihrVsFb	gt_masks/000080.png
1-V2ilFF5mOBNExAPl29Gww3dmFILuQTC	gt_masks/000081.png
1wlhgPZ9gdDPa2VfiTwIZVmE7Gu8klbOr	gt_masks/000082.png
1thoeF6AuEKx2jfFhEnDnXTR9MmzVPNsP	gt_masks/000083.png
1sTqS3IXjXHEUsRhT9LpY2_d1hHMbc1N-	gt_masks/000084.png
17eeMDdBd9YDW_M2efHFi_oUamo2w995c	gt_masks/000085.png
1t1BSfWL0I6zz-0Y1FqCTiZtXVm_O8aNf	gt_masks/000086.png
1giYEPMqGx6mva4Xtk6GW111sedasqsFq	gt_masks/000087.png
1XEr5Aqhh2y_UQ3q-fIv0MUg9woohhMzV	gt_masks/000088.png
11fZ_ZT8dkejTR0CyJEJ6OOehPwNLQGPF	gt_masks/000089.png
1emp9neVpl_m_MwCx_15FQV6UUiuTeoVn	gt_masks/000090.png
15eV25tfpZKLCubXTmcUJvm2eoGNN4MDO	gt_masks/000091.png
12g-RaIzm9cXalLClEo3h_202ovuRhyOj	gt_masks/000092.png
1_iwcyEt0a_b2jLAe01LcjFHNxANvv5xW	gt_masks/000093.png
1XdDJ1dvrKacwR2L7EvrtKfbzKQgAibCY	gt_masks/000094.png
1XGko1aMnOcNh3en9VteIh04lFDrwjIHr	gt_masks/000095.png
1VzasK33lvMbgYn3xRRyu8GqECuP_vOV0	gt_masks/000096.png
1-GyzDj8si6YeYn90Fw0WQw6CYK36f61c	gt_masks/000097.png
1DLHDtB9VfaAD5v1GmvpUZwAtnn3Lxkia	gt_masks/000098.png
1WOvbrE1scTgSMjX6LLOyxnd9ZcA3LaNL	gt_masks/000099.png
1s5lpcig25HPJYzRcHCzajZOClezyGr-x	gt_masks/000100.png
1Zbm4rWtPvOa-owqZuoOldZBQSZidmI4t	gt_masks/000101.png
1X39KNDnT0Zj_TkKshz4OCqCTYHV8qy2-	gt_masks/000102.png
1njRvW1UDCJtRA96N2VivAvhFADMhmTAf	gt_masks/000103.png
1ogQp_o0EByIFvMRvezKzfJHikpmH42wx	gt_masks/000104.png
1Th4xdBsmikUTLClemc3LJIFvOgPk-q8a	gt_masks/000105.png
1E63aAl0X1x1A9zm2jeIwfybZkUruxww7	gt_masks/000106.png
1f-scLU3UMr9aLI6tSwhSkDXkSqzwEUcC	gt_masks/000107.png
1SaIqJwSAXS6ZfIk-I64vDSzKQCLuC0iL	gt_masks/000108.png
1S5HUdyRcpFdo8RobnDMngGKLG4dmoiuW	gt_masks/000109.png
1fb-bTapybefx_VYp3D6jDJJMy9Yk6qcx	gt_masks/000110.png
1OC1ePZWoSGFwL9bkOBOiegSLNt3XXWr-	gt_masks/000111.png
16OGdH7_cB23ufcmBbYcE3Yjr2soB71bF	gt_masks/000112.png
1xwCozAicMeDDrNpJNAhI9EY60Sj2gbLl	gt_masks/000113.png
1wVHViojoBurWpE8WBs7q9VVdFhe2Oa5B	gt_masks/000114.png
1E8yUKD7b0uzOYiN49knRr4DBMn32bkt5	gt_masks/000115.png
17W_fHpnacY-LLrvUxdLn6dZ5vN1nDQi9	gt_masks/000116.png
17MrsGzREaQGVOG3xKPaABYBL_dX4PZf5	gt_masks/000117.png
1vUcZPjcExZchjKg_p-0u3YBaGCEemhVU	gt_masks/000118.png
1TEKZkd2vpIkppWFEcRM8dKB3Mh-6A2IA	gt_masks/000119.png
1u-ruMryI5YzNsDqfGHUhCNDojF8JEWow	gt_masks/000120.png
1Xz1CBQ2rj4eiC6kFltb3AqdqDRHHw2MC	gt_masks/000121.png
1zWhTSmJynXk-jdwqyqs6OlxgU2VMuYLD	gt_masks/000122.png
1dVdr0npY5b5aJsscK-2cJF402C_KQE5n	gt_masks/000123.png
1Wm2Xr9AjV0KPE-_lNYuqrQBcpPH1cUf6	gt_masks/000124.png
1kxUp_qjjbXX6OCfTh7eEXbeBhY4NlJsI	gt_masks/000125.png
1uzhlg7LFhCPQsQccH847OQKuJgHIz-tw	gt_masks/000126.png
13O3fUg0lpYOr1u3bDMDxSgsIv02OXW8u	gt_masks/000127.png
1r84sUHTXspWP3SIN_8786jl5X3tBmtcm	gt_masks/000128.png
1xt-1Zzq28azos7Yutr0eGLH2CXxqTMDu	gt_masks/000129.png
1LLjValapcn4_vMbPs6MBt0-9O4WyQs8J	gt_masks/000130.png
1KaA8KLTScGw4S0Jt8XcBxyB9wGMrATCn	gt_masks/000131.png
1HMy4gKVU7ErEGYPOhlVs5bBe-XFPIPL3	gt_masks/000132.png
1wtnPLfJwk5GZaBuUmamNgMPjcF0ZKdCa	gt_masks/000133.png
1djooUvnoyjbL_MXZ-EaTWnbRCxsbzlmD	gt_masks/000134.png
1KVB77-hFo6uy9J34VO78cx82KzpQGbfY	gt_masks/000135.png
1ENRin5-fxFlez_hDlQrOx9studxMbFnm	gt_masks/000136.png
1SKymdi0UjLTb9s3nSTmwgwSo9u8hZdJt	gt_masks/000137.png
1SrrcfqWm8T1gE_mzo4mpx4hBB-HZbbku	gt_masks/000138.png
1tH7a1BdJAvNC70pJx0jVBTEo3VnaHps3	gt_masks/000139.png
1J0GzrQ_MhXFDKNMmn9w9G5FZ_gPx3PzP	gt_masks/000140.png
1yxRNkv9bdbixChoC4t5AhAnU6VzcS4en	gt_masks/000141.png
1E3yJHj0i-KONwjXV7ud9-UPdBxdN9Vey	gt_masks/000142.png
1ufg6OOV0ykkM1U7nKl2fEhRK81MpZt0K	gt_masks/000143.png
10nODsfx9k3o9jNxvUOejLP7yL6SGu2UI	gt_masks/000144.png
1rjnhiCl2eIu-Cmy1_Of1IReOLtH_EjuK	gt_masks/000145.png
1Xu8v7CM__XLoVuGDTg9HbHXeem0rmLYL	gt_masks/000146.png
1nW6XAsvgvG_rOZch_hVj3h5DVA00Jg4o	gt_masks/000147.png
1TYjBpHlEAXrRWqjq28lShfAv0l5uCHZj	gt_masks/000148.png
139FKH3FdAkSTSz9sbQQa9x3iveG-h8Qn	gt_masks/000149.png
1Ekl5yzlU5Ri3AFQcUKGzotDF8opnX6Ay	gt_masks/000150.png
1k9_VNTlrEFlyIedUyCDNX1REDLGBRfGO	gt_masks/000151.png
1sU7NZb5aEDoXAlz2zNfssWkF_foYGOVB	gt_masks/000152.png
1lTUmxw8Ay3b2q9qmnc15JqKXumCqFmZW	gt_masks/000153.png
10Y81WK-MEajr_7qm382YEdxgcEe6oski	gt_masks/000154.png
1YbbTALcNjh4UKsAANMddmbq9jDp4IXfQ	gt_masks/000155.png
1kduOqDf5iI7Nyi-t2HMd2pu1lvxrWslK	images/000000.png
1N8jpkzaTxn017e6foVvIHvQZGrjp0ezM	images/000001.png
1Pfa31C-eA1Q5xmhMeBO0HdbJ2Twn_s4v	images/000002.png
1VMUF6Lh32msaQjAPEavC_E70W6M3B-Ab	images/000003.png
12Hzkr73tS7m5gbDMS6up8_EWP06_Aj6t	images/000004.png
1hRtzsENXdRMLsOwrV9VYgfgXDtvwynLN	images/000005.png
19SzYqHAW0A5Mzqc4r79iUnCk-QeJRHKr	images/000006.png
1XKQh4RPtis1AhfPlBGwjU1XtVUOlNdlK	images/000007.png
11KL_nFARa3uHDNgV6ObVNBDjpKDUI4vu	images/000008.png
1wHy9S5jVduJx9E66-9NKY7TcHoq7lBQC	images/000009.png
1UrqayKYbBWphGPGdU9pra6aAX6zP0J7Y	images/000010.png
1LMVt91YuBB1IhrGhVT5dCSekRnnKaKMh	images/000011.png
1Iyh8eeZixbI-_1j1Xi_1lw6-iHzhNuEw	images/000012.png
1BV6YLO9dtONBjAwpqvML1PnYKlmhI9yg	images/000013.png
1KpZq64fJIlU8_LfDxj5_j3Ba48CkBJXM	images/000014.png
1CDdJtKFiz8A01FX1HaPri_3DNsEr2geF	images/000015.png
1Qobl6NLS1X8S7C2BOWMdW4suaam6ql1B	images/000016.png
11TClvIzGrM8d-zbmEtOzba7f6SONaEo0	images/000017.png
1JKUAHbauoCUnJeQROSDwfO8FP_gZll7O	images/000018.png
1kc6bOEZYT8vLTUvO8pE1rhg7Vw438RwY	images/000019.png
1wDBnq534tvyjUPh7DzciszKYQi4KX4-o	images/000020.png
1g9p2J5CtzI_yCfC0nBHmgQ_eGevncpDa	images/000021.png
1Tlb9SVzREGrkNSeuRjn02fUZ0znHb30X	images/000022.png
1t1eALpj1kOqzXG-ut90Qzh9KopQMZhp2	images/000023.png
1-9vJX0z-5PpM1oVyR6cU9ixg6IHWEcfy	images/000024.png
1btAgJZwqQ-COOWMUUf31CJLCiqANwm7W	images/000025.png
1TOtkZq-J_vKnEG7z0Npbyo4dlggmrMAl	images/000026.png
17mvB45EFboJl5Z4VYwv-vyDL1hYfvwbU	images/000027.png
1Sul1Me-mifyKgJMMOdnLrkiRJZnmiGfr	images/000028.png
1ZvL7mQI_2q7Gb8CFd9U4tIqUfnlf9a0l	images/000029.png
1M0z6799CQGyLlKOfJo5LM6kfoLjGlict	images/000030.png
1jUmzXofExOiOeUq-1_ZabnE9BPrse3X3	images/000031.png
1r2Io5hF9LbiI1YFDk9E8zFguEXPasTA0	images/000032.png
1sF1bliaj8I71PZmPlRNjDdZ59qtGaC0J	images/000033.png
1Bf7Gpa8EuMkfCUuovnaOPUhE5pl-f31z	images/000034.png
1Mhid-H2cieLkAdAMZi9hpjqNABpwZy0g	images/000035.png
1tyeu8D5PUuJCL2C7OUaboIFO_zptGyO5	images/000036.png
1qnsFL7TQippV9qRMyuPOHjasD_gdKRbS	images/000037.png
1-2ZSpfa1PajHHVNn47pDTsqMAWPxi6O1	images/000038.png
1efHJP8DqzUhJcBQpWzL5MTPCbfs-g8ub	images/000039.png
1BItaGV2ICGe3eGSJ9KZMcE-L_q6hc5G1	images/000040.png
1hMesflpoHy_fYr4cqJ0Q0-jT1_PwdiHj	images/000041.png
1tERgpk5o8KkCmPS91uiA_kTvLyETXe6f	images/000042.png
1pp4R5sFayt4P8-j19VzDkbvYax7nFbJP	images/000043.png
1mV6agReZFuqz-1sGRqXPk4u9StGeLPLU	images/000044.png
1xdGYI1Mogfb_Q9mxSnYA4pqvtmRdqUuL	images/000045.png
1u8mVcGq-MPw0HGIYv1oeuzKkh5UjNWwq	images/000046.png
11J6g9Hca4D95KtMjRtcT2_IEvfyq18OZ	images/000047.png
1uCqgQwYj07baMAo_A8lOeDWEwNi8sWh6	images/000048.png
1i0x6jcFJpSxtZmd9KvFlkFY7GyjxS1Mc	images/000049.png
1P0URVnwyn7tmkLB8aJnua6eAzL6vIuWz	images/000050.png
1CLk9C4okqdNAPJagaNoqBgEKP767e7z2	images/000051.png
1Ey6QuEzyypEK3Grbtw8BiP3_uk_zDfpr	images/000052.png
1OgrkJJLa8pSumJu7B9UDGWWYst8zFBD7	images/000053.png
1M4aGJT9Zx9Az1L3QY6lOs6GWeP4VtqYi	images/000054.png
1cFkJnBpxd1lxm-rW8fPiR3G0EqvqeW-O	images/000055.png
16SJ7cFxGLyxvbrtpZrAlTdVZIAVzL7Go	images/000056.png
19xdWprzoITP_3iI_NXVMeQUROa1PhqNb	images/000057.png
142k9kE3lA7QS9DE7zGlFbw_dKYchZAGS	images/000058.png
1Ukk3M52JUCbUf81tPLTIRIymZWYWprz4	images/000059.png
1Rfr642CzXM4aqFEES3_JURuF_-Onpih9	images/000060.png
19lv0UOf-zD9KjhvCbEfdZgjKd4CZSL48	images/000061.png
1gbMb9X3buWG6pg0Xz0lFiFAs0RVRpOFf	images/000062.png
19ydAy1vVeyazRP9LBz_7u9EmtIZ7jW38	images/000063.png
1DTQfPehdDz-BTbBauXvixk2i2w8NM-fv	images/000064.png
14V-wzdrZSKQXzA6NTgkeBxhhy6il4ZYx	images/000065.png
1SyHT0Ha1_eDVZa4rPudcmFCs8cMY2KwK	images/000066.png
1f9gbJxVJT40bCHeSr0TwXOpCGBdhFnPk	images/000067.png
113MRM0fUsB9Kjj3a3R8zA75gqXgeIQs-	images/000068.png
15DWbymTSc7IQCqvQQlj6jyWdNJQXhnhT	images/000069.png
1PXyyHoKFsRO-W32aKi5LAk55HsPFWqr5	images/000070.png
1T5IM5inteDYPE3zKFtRb1QSFAtzVVEym	images/000071.png
1l42ninI3Ocn07FUDbhEnPyjokzsrXpTe	images/000072.png
1OJwBj1kzi_BEGl5wbTAU-7S3ImjjIBY0	images/000073.png
1kvdueTg7bdiAVFWIMYTsbPOZjTbSHcV8	images/000074.png
1LCf2oZ1i93Cc9Ztj1dEGt2g57Umnziv1	images/000075.png
14WBtEQAk98PcxFgJCl_P530DkOK835OQ	images/000076.png
1WwSNLzNjv8CpcQYW9hDwVZLoKfM2B0Zm	images/000077.png
1WhyMKXyH_0PvnMuYId42UtOpEK_M274K	images/000078.png
1m7yPyFrWs98zYLfBarTIofZP2mvFDhBl	images/000079.png
1mIb3jXAxaLZ6BW-r5PlTR1iLRMyYZ4wa	images/000080.png
1vzrw2fU1jqduoTLRZskecGO5to8RfZfl	images/000081.png
1IrqBYTmBD4Zb2Gz6Kf8sblRjVlVZJs7S	images/000082.png
1lVv1L7P954MyVA1ub2H2ROwXrk7H6nsx	images/000083.png
1NN-LVAiP3MdO6WVpCaB2oLn3mBfzCk3l	images/000084.png
1cg8_tgOofO4RN3EP8ZaKNv0Er0mUTZci	images/000085.png
18Jn1Hd-SqankG1c_CmdkyTLuioJMzvGz	images/000086.png
1DYMx2JRaulVscF73OHQM-D-zrTX-RUd_	images/000087.png
1oMIe0Eqjmkd3pLKNOqCOp7rhvE1uBZEW	images/000088.png
1JGlfAqp1U9BHqtH2GU0p6zAgpJpXnI3n	images/000089.png
1xfgpGFyLYqbL-Uu2HKjhe8VWFeRDxSqQ	images/000090.png
1wE9URENlUhXwSRKc548z0-XHQby69fvE	images/000091.png
1mMq9nGDRL5W-O1hZYVX0O3riFNA05LWR	images/000092.png
1QP2GOrYqfToB1c2Ub2dnBwrpbj7_oBeq	images/000093.png
1gFtUvUCKrvcUakxMx5el4s-TQctqu6Je	images/000094.png
16Mj_lhFhZNsfPEXO_plZ-Uvg4jCI5X9c	images/000095.png
1J_BpjRqqJVDAXWEA7Ra783ERwBiLtq-n	images/000096.png
1wEWq-_UHWY9Vd0Cbi53HKTiKfOtQRsNn	images/000097.png
1XZ2ExTiTpYcBIFGK16GmuxOJLXDjNvIQ	images/000098.png
1L8qtus57bgxroxmmrw3TBtHJAa0ayy3N	images/000099.png
199Ex9d6br4RWW9Mgg3100fUICq1utpS-	images/000100.png
1GZYvEo5hdARXrAG2DccCuRbbRv5vZmLO	images/000101.png
1JH3wt-NuvSeaVbWV3T7jHEa76uK6J2HC	images/000102.png
1x3hfXtXpHwMsVXzOFoO4jG5UuNo6I4uU	images/000103.png
1I-U1e12xUeoIG64W__qR2dJYhgOF-7LW	images/000104.png
1kobO1Htlr59-KDZH6B8gurtTfuF7lqTS	images/000105.png
1E8W6Mm9-nv_hjNRYA0hnyH8KN_Wc6CG5	images/000106.png
1bckjeLsyPfBvzysn2TFg-db55fx-oBKo	images/000107.png
14HyRmtfHTJ1Lehz5JB8ultqZMkI2PV_G	images/000108.png
1RI74t5VbovkXOn27HnJgLliHSoETQjbH	images/000109.png
1GCb7Z5GCxdl0lKpN1vU2XL865NeCAIzm	images/000110.png
116_ahHFHgJrVXECqc_eGObhYIAg8HTJC	images/000111.png
1evoW0nZFArWX0bpGAZ5rLm8hEiV5YSjS	images/000112.png
1omZF8nMFu9-2-bC2LSW0vO1Q5rp9NMPH	images/000113.png
1q4rOHi258udABTFHpXZ-On-QsjEbgaYP	images/000114.png
1oAloulV2Dt5XYV16DQppWr1PTyV7GD54	images/000115.png
1M6Z2ey618v8Wb-nMC-Grz41TRhV5D05H	images/000116.png
13dd2Ru3EdgVJ6I3rdj70b-hcPWsHMtJr	images/000117.png
1Ren5fDs2Madeep3Z17DaR-YDPj7uuUJQ	images/000118.png
1ZWBrMoCFhR9eWEub590R66zVoc2kjgNF	images/000119.png
1l572QYspjJz7UUcaAPTcC9sN-qaCjoRw	images/000120.png
1X6ct347SAnjG9-ob5D3My29AGJ788fsp	images/000121.png
16BNhs2Nmw7YhkiKumczBSwvk5EVuYkol	images/000122.png
1bpZpwfw2Svry3eSiJf-pedf1r9NgSrHE	images/000123.png
1l0d_acTlvNHV89Or6FLVeV3onLfPxOit	images/000124.png
13bic6f7B_9zJwEa8OwAj5Uby2Nv_ejOr	images/000125.png
1dJIsUkNYNS1Uj6v0zHnUY6Mxr4SYc8f-	images/000126.png
14cCsn3quJ1pt9aQKH2BEnyiFyw5imQrB	images/000127.png
1gmCS414ypVUtLUypEaoccC14rEP8T7-N	images/000128.png
1DRzuw4eCpVM1M5IApjxjlgbuy32EtChl	images/000129.png
11-UuXH14O_hOog_mqBHO-xwoEytzJ7L_	images/000130.png
1bbQcCzO5UMqlvIomrwA66NnY9v-Sa0oS	images/000131.png
16jLEUrp70TKT0CCD4TQR2DzdtyakAVy2	images/000132.png
1Kc9LCQtdRZghFMt7AKv2kJvkqGbyI1I8	images/000133.png
1RIFYYFn31bt7fhrg8PojMDeQMS39n5Jf	images/000134.png
1luprd104up9x4pYVsYlH5U32sTDJg_5i	images/000135.png
1ncvBwGMWBtuB2XWP1vyNosfk8gvXiVnc	images/000136.png
1P4QNozUsZxqe2P9bbglqzOiNDuiCeVBj	images/000137.png
1VreKYv5o68H04bPpJN3EF78YXadxzX0k	images/000138.png
1tF5OZknKafknkl8UWu2HLEAcK8D4mnOV	images/000139.png
1ADTdv-THLT4iw8FjubNhGH5kuJtxBAQB	images/000140.png
1kubJa4-800SRPH8Az0Keqd6EX5dcTs2V	images/000141.png
1jw6keONEXjD0saff05niaB69n6AlJozm	images/000142.png
1UGzehbmcKmxDEGXGgeuirr3qSv_CSyFA	images/000143.png
1vGfD_-EgV0zNOrOmBIEey9poTovhrSTQ	images/000144.png
1jfuPEHemPY8LyzsikDnwFZ4THgW7LVqM	images/000145.png
1ibR83KP0WwqGdnpil7DnPbMiwgFfA8ot	images/000146.png
12V8fAqu7yPBg1pSZM4o1SPEj83FbaSy_	images/000147.png
16Vf4wlHd0NgPM1mjvujKx65Z_SITqabG	images/000148.png
1A4GAZhI3c_zttlmQKbLsBHBZ1x4X_rcF	images/000149.png
1ur7-CvyOfhWfY0s4qqZOGgTjuEYtfuFK	images/000150.png
1I33AeonQtEKURmEIwrYdPGeDVoS8DMh9	images/000151.png
13k-rUl3nZ48LGGsrfZNay5XqHONNk2Mj	images/000152.png
1rG5OD6bmbJe1Cgwd6WUDi3w2T4Ck6hoM	images/000153.png
1GEWf-G1HtenKFTf10iVyItjRQHA6706Q	images/000154.png
1eDHiPG-MEGW11LOrH_XV-PbCaVR8mlB3	images/000155.png
1MtmRMS_4vmHvO4cHnzBmIcMPYiHiSv7t	images_right/000000.png
1n03CgdNn9BwhqLO_v3UMqkCL0oEqH7as	images_right/000001.png
1rNw1xvjUwDzPAugSB56_zFYPZtmYa1ke	images_right/000002.png
1F49nP_LH6bYQQW0UQ__-yt9vm84PRtMh	images_right/000003.png
1_8zMgMBVOtPjy0P0mHShu36JVkSSSJmF	images_right/000004.png
1YWiUVEOyLkEd8VFmhEudD6V9-fHkPXD6	images_right/000005.png
1igVml-LHGxRcRrd_3xh0zTffFcLl9dQU	images_right/000006.png
1k3YIlIv1FoWRP4KouBkjv5g25To870tt	images_right/000007.png
1-cLNmou_Vu-Hpvriqb6ovJ-Hp-sb9xYw	images_right/000008.png
1rZPpj4vOl4nACD_1rXv7paXgwEMfMcHe	images_right/000009.png
1OoaV0RyT9Gkr6TO_yF9q4Bx6d730Ksg5	images_right/000010.png
1591X4wNuoU7qcVpEYBuFSS84I9-kiqvy	images_right/000011.png
19dHoALTTmRjYJwAh1PfkqDDOnRPPtcc4	images_right/000012.png
1cEzknBs_sx020lxo4aQDp_7UrIA9mwag	images_right/000013.png
134x7CBWDxaL0HPbKfEuPrUsOmrcYp1xN	images_right/000014.png
1FD5zyaoTp-Ia7rkV4VzzzvTvM-UUjMvt	images_right/000015.png
1b8DI6GUwwLMDOJ9QCd1VCkah6d6tC17y	images_right/000016.png
16qexhU7_AWRtT-LW8060yiRhi9sMBk1i	images_right/000017.png
1VGu-z1ucxCJUqDQstCXVTsryUlK6fQkG	images_right/000018.png
1Xy86tMbKCyQisDIy3-I7R_FV5unjjVpD	images_right/000019.png
1431KYKsGszU0hCJCKqqynsRsmNoiSnkR	images_right/000020.png
1Yvi0HaWsReBoEwe4DU5o5vrDnb3c2rdX	images_right/000021.png
1WVIUhrpIR0YyvpRs-SHXHltfflT9030x	images_right/000022.png
1npnbYA3K7sqGqG6KSPwSXVB1-5Tbjyli	images_right/000023.png
1DPsHNoHaQpuViTFB5SYqkvjXT_ko4pdb	images_right/000024.png
1bMBTE5OtMBoaneeOK6Hz3cNbMCLXCrwF	images_right/000025.png
15z1b-Rjn7heY5ENLwdsekFX-AjYq0pGW	images_right/000026.png
1vZ8JI89_cxmn3af_Lv9U2nWrPswUmBYI	images_right/000027.png
1-uSqWpPJapORhPccqbkNSBQIdvA1nP0z	images_right/000028.png
1WsTD_adSNQnk3V_R-7NAeYY9I4vHZZxc	images_right/000029.png
1DejTy3pFnJLOuXhdgBv7Kuivg6N1Hw8H	images_right/000030.png
1MyQoRaOHWQ4rwH93LwD774L4zSxa3bGE	images_right/000031.png
1YzTM0J63X8vCFnMX_M5jPkSrIEPgXN7V	images_right/000032.png
16rQT_kBHpxtEickNRF3ke4SO3Gzi6WX0	images_right/000033.png
1di97Ia3eXaYp4-kWuTmtrKN-6z24kBj4	images_right/000034.png
1yVxk-RvotjaHpKCcm047BkSrk9Wu0PG7	images_right/000035.png
1vAessCfoSJZ_UAQZ9Qz9CkfoiuDuIMZW	images_right/000036.png
12dRBkd3mZrlfjVjL0GKsBxUiTKWhZASg	images_right/000037.png
1IIYBQN8l5Vel06u9cT7IB4FeLvMxW70Y	images_right/000038.png
1SDeot-DcKeZREgVx6fjkm6AyfjPKGxKK	images_right/000039.png
19d_QI01rXIcCHVRffkGRRivEkdfYp88v	images_right/000040.png
1a-zGNBNdTGknZIYjlm_68G4splWBJn6Y	images_right/000041.png
1vfkHTKm2mKm0hVyBqnF9zZqGp8TPp4_M	images_right/000042.png
1eXdF4hhvC6kzVXZuLjnQkcS-j1fD85l2	images_right/000043.png
1xVvvOkV498ob_hoDSVYlLNduni_LssOK	images_right/000044.png
1Hqq4J7EtN9D4SXkoPyGbDiDkGcyXUxiJ	images_right/000045.png
1UDUG4iYy9rX8zP1n3Eb80yuR39SKRdRR	images_right/000046.png
1QRdc0JMubhNJ69-ypL2WbAbl0HU9OcjL	images_right/000047.png
1EZ1CV45cPwDdWUjUUmaVC0Z5s0d7PQNs	images_right/000048.png
1PK15jnTXpMNVo6W0_vMiezdzrIoKHECk	images_right/000049.png
1pZVQBVEU7xnA-Su4k-i40Xrvp98pk9Sg	images_right/000050.png
1ZLuI88CgneK5rsh1qyvkddMQJaRvNKwy	images_right/000051.png
1q6NkvQ2hoWas1MPocHGgvhGpQo7dQMXV	images_right/000052.png
1z4qKbt26W4BRswG0Ntk_-UxMKfyoyqhH	images_right/000053.png
1jvqn4GvyyHyUrFKXr2Vqex-PSzXavawx	images_right/000054.png
1BwBhQVVw93hydm5NEQHjc0ptOb67Iaqp	images_right/000055.png
1hsiKwNX5deUMXvnSu_byXo6HcgZRaBut	images_right/000056.png
1FtUqFusHBefH8wcohYGNPEPgm6dHbDyZ	images_right/000057.png
1MyFFPoe9seOCvQcPI_MC2yHqL3udh12Z	images_right/000058.png
1D4r2WeWFfsg1bdtqEvi4K0cp0ML_fiQD	images_right/000059.png
1ltCMmvjft6WsS6XYIDcZ8i75UA0-u7KN	images_right/000060.png
10CIF8ORzHMTInM_afOYwjGxphCF5Qpy1	images_right/000061.png
1l0yZ5MRGC1Cxq3Q4IhCFEw928dA3C5U5	images_right/000062.png
1haw01cLWjoAsG9wPUBhIhD5Qy7-uPaMS	images_right/000063.png
17JmTB2bNTwUz9pMvGO2R0N8mukcwAVw3	images_right/000064.png
1oa8_2mp2Pj5vjPCdJjUHa9_On_PP1IQt	images_right/000065.png
14EFrTuWvl3pFtI9CeoK_3DDCVeYtzqed	images_right/000066.png
1Au1Qazf4slkcqlnKLOB2z6MK0D-wzvGu	images_right/000067.png
1FR-Z0bnxlZLP4LfwzPCfVQI9NdB6bBaE	images_right/000068.png
1tr79a9NDtVkgQ3k6TR970K3_lfVuNNEi	images_right/000069.png
1y2cgS6lCMSajv2BR-g82R3KszcSsWPO0	images_right/000070.png
1Kkl7C7TSHOyC4UTEXo2kV0h2JD2Kbhvy	images_right/000071.png
1TAUvdYcJCcUX299vivTmREpUK5uNGa3j	images_right/000072.png
1CVCRyzmpJVm1xzUtA2prNWutIVg7fLix	images_right/000073.png
1PPToCuuLNomsSvLmDhcAtBZG_T0Fp9Ro	images_right/000074.png
1bgRBrSKvKQy678H-ENNEghoQgzmpf3fM	images_right/000075.png
1moZLNT9wYy6G7HhVIeKGEXF6EdlDC6Aa	images_right/000076.png
1qLjgNo2qXWeOtQdjEpI25Fytpmw7_Fjh	images_right/000077.png
1p00dOoaEYms0d-hAQWnrCyHAHuCrIeSE	images_right/000078.png
1N_psyoeR60ew57hdRLws2YUxxRzLzgQX	images_right/000079.png
1wUxKks_BpmYur6EzQwSqK2bM5tv3OUqR	images_right/000080.png
1sbGgKmUhDWJL-Cu_lo78_8Be3N_0poM4	images_right/000081.png
1cCZGdU64vhUWxatpRJsxfNSf0_qNRZWt	images_right/000082.png
1zIK3wrtsTnBB1y6OCXN5uI9UU_XUKhqk	images_right/000083.png
1VzaKOkJ8TInc0lWZlTFmh8GBR81SIZlG	images_right/000084.png
1s6tZtC6xa8fyyv8Dfhdzv2303-MddM7Q	images_right/000085.png
1kE5VUWAwkdMYWITmwV3Gd9oUUDGdn5Hl	images_right/000086.png
1nyit4o9IgWDjqz0DQUFZL3JpjaYezmAv	images_right/000087.png
1nBVNfHBNnrZPLzTFhLOVwXLx1ODMG-fL	images_right/000088.png
1LVWSNX2yzz3EfEhpLjs9sqOVEXRBZOgA	images_right/000089.png
1ARTo6A4AvrvUftteAM3LjK4v3JAqR-1p	images_right/000090.png
1T-FXNTFC5asEuPCGRYPggBJAzI5961Pk	images_right/000091.png
1ddcWs9XZ85EcwCEcH10LSxHB4q9eQUhm	images_right/000092.png
1ZerxsIeRlwoh9ONp8vxF8Iteh7RXSVow	images_right/000093.png
18m5ReoHZCwUOi52Wo94BQi3xqb3p7ode	images_right/000094.png
1-LxgrPdfFvXgDmqZap2Kn6qwoA1nncYD	images_right/000095.png
1edAvdR3isWTbiz1n1syyHld-dIdSe2SV	images_right/000096.png
1UG2DExNwlZn0Pee3XOfQEw2Vtd8X8PEP	images_right/000097.png
1gZ6G6FUuQ7f5GvDRrg4Byu85MmivAmOj	images_right/000098.png
1ggaiog4cMKr5h9YJal4AmbtKz958MIDd	images_right/000099.png
1VFAtToStIe-H_rXXawvb3-RRavCJjG0S	images_right/000100.png
1D-dcaeK0W5X73Xz6QQRPNIieWoE6fspq	images_right/000101.png
1R5OarClvQAv0hMdWT-WRsSANRpYrgijk	images_right/000102.png
19shpI5nxqkSkeWeMnlP0f_biiaQQ3DdB	images_right/000103.png
1P0AmgItLPbR-3W461mW1lSEc4JjcCb55	images_right/000104.png
13Aeao_5xZ4evhSl2cLy0tE5rP15RQVhq	images_right/000105.png
1mPbBlX023EtDgVudiOkwMPp-aPBvtH9d	images_right/000106.png
15mG25eG0UpNtQdj-EEEUITb83Z-QunKH	images_right/000107.png
17I1Z_T2gp0quCDwhpiE12i19NUfnLfrU	images_right/000108.png
1AbCV6Qg1unWSsD9xdnNhBRCFssdEVdkD	images_right/000109.png
1jSztHB00XWsqb5qjV2B63Fx2XFp3vbhu	images_right/000110.png
12X246aal3cyvaGLLl7nhBWZRsLWw0fIS	images_right/000111.png
19rhzdq6lmucRGAHzHbfRKljexzT81VZZ	images_right/000112.png
15Lp20MVF-lrvzLHlGGkRF__Z47AhIf1c	images_right/000113.png
144G8_zZdo07l0tdRBpeM2sc5hYHcCRiY	images_right/000114.png
1gO54MUIv_-Vz07mqSYQNqVW3uvXKoDt6	images_right/000115.png
1k-6TFxNCD63ugCMFxGWFBCkUwI5qCupN	images_right/000116.png
1yLvCHlys-zaF6Qd6qFoZlQL7KYSXdag2	images_right/000117.png
1p6KmhRPQAXntJaJMNzTYkdPZY1-I8uT0	images_right/000118.png
1TJgDdXrZYpz7blLY2elRqQHHC4nqBZWR	images_right/000119.png
1MqRGnDo4vtGUlyW8CcqV478rszoVrCI-	images_right/000120.png
1GA2i_uvxsKAIAShiKIZFeEIOEsAEFlbB	images_right/000121.png
12LOBbdCf8HuSEe_6sIp4q6aYCXeEY3g3	images_right/000122.png
1fPkyEeNWGd_SltqXzf1inD1-_SJacPZO	images_right/000123.png
1HIwf-e4R1IKWkwGT6Dtip_7MTGpifdy5	images_right/000124.png
1YE1_Mi17Wr_bgGjeMMXM2EhnqgoXwN94	images_right/000125.png
1n41w2ShP9d2EXCAxn7v8s66ndn0eEdCU	images_right/000126.png
1O3uHerVD8jYISfLMaQNnlhi9YgBZutFF	images_right/000127.png
1LgrBjUVs3c1ReLOtJutcZIbovsT5cCUc	images_right/000128.png
1dpE1vbLQ9gAL1ujiGnB8QNcLcRp9ZPd7	images_right/000129.png
1SvcXrfwIHZIqyi3m5nJv5JYqVeqlJ6CR	images_right/000130.png
1Lq3rebYZqA2AZaKBq9DFtu-uth8ZyPq8	images_right/000131.png
1hMHH7hWCfeTFh3EcxWACFvWMRYXUDYTg	images_right/000132.png
1V7kU_c-4l33ar3i5pTtFgyZKooRWgLuW	images_right/000133.png
17Ph0wsG35uenfrNXlDnXURCC0MCzXXj5	images_right/000134.png
1Exs7PONXV_mrNa03UQrp2OtnBQZJ7-NT	images_right/000135.png
1kzQgQmBpNifuCwvs--fE0nfeskFYaZd-	images_right/000136.png
1sC5u-eGNe8J613APSFKwPquMqtHXHfI9	images_right/000137.png
1WMYLAB8POi9CXm975rpfVPLyACyV9AxM	images_right/000138.png
14dQf16jUNXW6Q8GRMCWWfxBme8MHJcM8	images_right/000139.png
1mwPmMTZQEZB-upIyjXgG1bC9KnV_JDqM	images_right/000140.png
17bwpwyk8fi4nxEn3-SBftQS6XgwecGlb	images_right/000141.png
1eH2ZZrZENEII0wSTfg-R9q3-W5eV6pbS	images_right/000142.png
1Uyqu0lw-ubKWa_jpnPz6FHHYGOtVeDWK	images_right/000143.png
1MPzFPo8_jlEf21l6uwbxHw221GjF_7BZ	images_right/000144.png
1-1cLBvqmwq2NT9xszOtyP2c4tzrJr4ga	images_right/000145.png
1cafL4kJMMLFKt3yKWgjUMRtCLP1_P7Ye	images_right/000146.png
1CNAEmZW2iJKG3tWyeD5rV9RUhMtQ259q	images_right/000147.png
1h217RJeJdEKuc9DnhJQ9rUy7p0PFDovf	images_right/000148.png
1N4vCcUCh0NLxV--7TWmirye8RZKLx1CH	images_right/000149.png
1Hkce6PXWDkcmRjAxCxsja1mQGMMPTt9F	images_right/000150.png
1gqwkAjJSS1DEOBRk9e523bFvRk9sqDNr	images_right/000151.png
1pNBEM3Mctcn1iEtfMP3DrhVtMFZxAyYi	images_right/000152.png
1-7-HMPCMb0YlLVAM3id5OV26rXIHQ3Xw	images_right/000153.png
1j4mbxNtmR_1Q1WA_aKEPvigrocZCJYyT	images_right/000154.png
1VcnjNrRCCmw-ITU_BFBlzwelqIsGENgw	images_right/000155.png
1OQQoH3qoUCiL92sHFudSSrhUyAe9xnBB	masks/frame-000000.mask.png
1AUMQCjMm952xlhpBEIKgrs8Mz38ePcDP	masks/frame-000001.mask.png
1jMP6NZpq0EQ99gZ6MH7WGqRDh_CKDxBB	masks/frame-000002.mask.png
1SlK1z_G0NXgAVtMmVh1Cqf8VNeX74KWT	masks/frame-000003.mask.png
1RVYClB0i6BITn55LxIgwSdpUyJcUJi4Q	masks/frame-000004.mask.png
1T8AVGigk_rvc7zOGhlTksAFXQZRDjkVt	masks/frame-000005.mask.png
1HaCnjpf8D4KvuHi0Wxi_SDsyTHXZKjbH	masks/frame-000006.mask.png
10GVc2lRiFIqgRJTkV_TVBllGVNvzOgLz	masks/frame-000007.mask.png
1DVlk09gntniImvAxBGBiST4foD7Ug_nF	masks/frame-000008.mask.png
1WPAds0gbPl7PtTWFv4P_naAjWIB7lhnZ	masks/frame-000009.mask.png
1MXT5IDDn1HxnZ0hEG4tIacFblBPEUFTU	masks/frame-000010.mask.png
1vFqWulFiogu4P8bE2j3d_lnZjvs-UyLC	masks/frame-000011.mask.png
1djGiY5Bb3sNjPgYDtlsE5ggOVACYDiyr	masks/frame-000012.mask.png
1etyiWVv0iE66VyP-u6gsIPMh2efZIj12	masks/frame-000013.mask.png
1lt2e2vDLgLI1LnyatjluhcPHkPHXXVdi	masks/frame-000014.mask.png
1GRbe-9CN1PPYfz80yDCSgpp8Lt9hqi_E	masks/frame-000015.mask.png
1IUXq1Vik1hrrfijw_-1oieBC7ITPSg7P	masks/frame-000016.mask.png
1NDK-29BSON8qrHagbS1QlTBeP0lMiBNV	masks/frame-000017.mask.png
1kR2UKUw1L6IB18Dl9aOEEahcOKcrlYQp	masks/frame-000018.mask.png
10ChGQCtO09lRvupCaVTaAQi0TG--KpV7	masks/frame-000019.mask.png
1k36QfvLmqSDnuAlVeBvxd4FbF4LXxaZg	masks/frame-000020.mask.png
1qW8vzh72izKbkAiTqSwRlyjzOwb8wMiX	masks/frame-000021.mask.png
1RgneqQrcl7sbC7nMWYskHHHnDBKu4wtG	masks/frame-000022.mask.png
1HgW0-mnCTrAiBIju67rAOZ9RtTPZhuwh	masks/frame-000023.mask.png
1s5Oy0YtMGdz5gIFrlMSW6jm4-89LRbIy	masks/frame-000024.mask.png
1Wk1ai3TDwsjko4XI1LHAKOzQVQ4ucRhd	masks/frame-000025.mask.png
1_vSo_CovwLkLzLHRZ1b1DjGzABBASkHi	masks/frame-000026.mask.png
1Fr0b7Ca7rpsrFF8V9Q_YCx0VFe6rOHAc	masks/frame-000027.mask.png
1IYPHQ9psmWw3f4A_JSKuCZMw9hBgkQTI	masks/frame-000028.mask.png
19kgU5C6gXVUxlgLlz4fTWkm5g-dNUXz0	masks/frame-000029.mask.png
19GZwK3LMaaAH6XfFErHC-pJ-uo1Ef3eo	masks/frame-000030.mask.png
1VB7C6XgNRCNB4BJscD3H4vA3TaHFzHy2	masks/frame-000031.mask.png
1TdCnS9U_Sv-lVvTC-K4uP-8l76fTbLwT	masks/frame-000032.mask.png
1jG--mOiG9dZuHbpW6TsSx7g3GGSMHoeu	masks/frame-000033.mask.png
1mjf5xe_BDZm0_M7-rMqI1zqeRx4AUf2T	masks/frame-000034.mask.png
167GFzE0kF-mlnmH2M18ehoNXpLHocAlE	masks/frame-000035.mask.png
1R6rqiPVMPXwkzOw7VdnCJEtTToTx8Ui8	masks/frame-000036.mask.png
14EI7xPPfxgZLmV1B8DIlxPyklnlJQhzO	masks/frame-000037.mask.png
1k83kAhbaxlJtfhEXsuXcQDNSpEZ73fv9	masks/frame-000038.mask.png
1soHsxsreM-MJrDVtpVV98RuMniYA9LcN	masks/frame-000039.mask.png
1xhzevdK7teAQJ-emFKEASvsNDEVzih4o	masks/frame-000040.mask.png
15HmWr7EzZgpACSUMbmP2JuhqZ-lm9h8x	masks/frame-000041.mask.png
1RW1rtL5M7W6aXk35rAcK9vf-t1rBAh_P	masks/frame-000042.mask.png
17-nR3r6aAcz7T-zX-M6xWtUrHcKOEtvE	masks/frame-000043.mask.png
1sPUhObhQS9rLueYznlXipo-YLL58KrIJ	masks/frame-000044.mask.png
1ZlIOaAbX28fCUl7NGNk7gsjouQmXUf28	masks/frame-000045.mask.png
1dj2OW9dBh0vrelETRF8eFhsK1ocBQ5uH	masks/frame-000046.mask.png
12bs81WBigORzs4ei7E6ftS4CotRKWKlx	masks/frame-000047.mask.png
151W9oA43mIrcHTRmYNiWk2EY42GbkEUD	masks/frame-000048.mask.png
1hSzOKMbj1-WJ37oUjzd7OSKb4ZJRz88v	masks/frame-000049.mask.png
1e3C_ei2sZBGeeOq8DF1qoRJErn-TsPDR	masks/frame-000050.mask.png
1Ou-pK8D3uFPlYnegaTlQ5CUvhMCBZTs7	masks/frame-000051.mask.png
1IJkBZkCKYlP8gFhWgYiwXJEPyFYOJ4tG	masks/frame-000052.mask.png
1kb2_Imbj2iVgVc04dXCPftYDI-2udwt0	masks/frame-000053.mask.png
1JG2A44AmJ_se39YPE7k4KY_N3e-0IKMv	masks/frame-000054.mask.png
1g0zy7TPvprfwV5Zxf3UT3sbUKriXSF9s	masks/frame-000055.mask.png
1qtpztzKfrdAE_VhVRibapIKHdMgjeSXF	masks/frame-000056.mask.png
1UtxR7RNMKbAMKXVLoRKWbkVW0lgjKNzv	masks/frame-000057.mask.png
1zowyg2tkvDrJlFakWxzJ6ZvPRCKn94i1	masks/frame-000058.mask.png
12JQnTFFkEsAXbfXc_cA-XSJg3H0HVJB5	masks/frame-000059.mask.png
16Mgie55O3CmgU69wpdQYlJzxQZpV2Ra9	masks/frame-000060.mask.png
1JYZM-scxGowSU_QHh3Y6EreLsTD785ZC	masks/frame-000061.mask.png
1HvfEB47rOqCV9UJYvOR4HcgkQRKUiYyj	masks/frame-000062.mask.png
1yy55P9qx9LOF66O66ERvZr6kmOl76RNK	masks/frame-000063.mask.png
1H3il_ZSUaAhM5k-Vmi2TRr0MfVM5mj2x	masks/frame-000064.mask.png
1d7H-Lx3A_QYcaK936P-h7_nAyxVV9Swd	masks/frame-000065.mask.png
1ZyBrBpYHlc8FbG1Khcz3o9_LVAwGkndk	masks/frame-000066.mask.png
1mLmJJWTeif4xUzH5bmzi3nm2epaa4ksO	masks/frame-000067.mask.png
1GyNpW_MyJ8PxkkdgUfU65eP8UQ0b4Nb9	masks/frame-000068.mask.png
1Ez8P0pkU68P9VZLhdk__8WI6qK2zc_GJ	masks/frame-000069.mask.png
18YlSAjQym-83QmiOzKUz7Zb1R0zzq3W4	masks/frame-000070.mask.png
1EsD_SWyul1Ag1rVI9MRnzShdzKZSxyn5	masks/frame-000071.mask.png
10cHzi1_AEkuBkuuybRLb8fWv7ZKWu29L	masks/frame-000072.mask.png
172dCi29UGIeCToBUDnhIGzdzOHhpVB8L	masks/frame-000073.mask.png
12UamYfvbjAagbOdMeeBOxmgEt3BI7hq4	masks/frame-000074.mask.png
1_FVp4FAuXijw8heC-5_iQ-Lmvbaio2LU	masks/frame-000075.mask.png
1tXINQ_AOvW5v1BuzEWxgIYFMUF3iZy_M	masks/frame-000076.mask.png
100sZwuMQkkpIbFZWwQVeaJSSS-S1nqSP	masks/frame-000077.mask.png
18BVnDOIcZ9t3LgcddMXE709veTFB-1ZI	masks/frame-000078.mask.png
1MItP7W_LRKbNeDw3aYQ5M7c2FRfd1FFj	masks/frame-000079.mask.png
10wq3n4WY32qHLsO2U6WYicxXYIGq_nup	masks/frame-000080.mask.png
1UDpFYUr9leEuBuilLdnT4yR9Ys3LRk1G	masks/frame-000081.mask.png
1q3foBNPr_-PxJ1hbhBc3iMShBh_hkP2O	masks/frame-000082.mask.png
17Lu7J3qEocVvxaD1wi0yBNlx3ZZ-CQ9I	masks/frame-000083.mask.png
1f8QZ0ha_VHp0vIlFuzGsgE8wN5MPClaI	masks/frame-000084.mask.png
1iYo-W2FljvIVr9ysKFPDp_QbmWDW-a1i	masks/frame-000085.mask.png
1IJtVND4kAy15ZLSn4c2zc5WxfKhZCpS1	masks/frame-000086.mask.png
1FSDoxF-BFe-DUJwd2WRKIrMlvfHeF1wP	masks/frame-000087.mask.png
1Z2OhBMMLcyZyAQVL1riXPV9fVk1Np11Y	masks/frame-000088.mask.png
1PZxmvZw3QADz0tYD4bKajynxoALWEsYz	masks/frame-000089.mask.png
1aax4QE_tiFDuNuAJeS2L7cM_is-Il2fi	masks/frame-000090.mask.png
18cFdIt9Qalwzm94ANPQDkeKnPUMBjuXR	masks/frame-000091.mask.png
1Xyc0F91aV52qJcpoaC6QAJO3XaImHYLL	masks/frame-000092.mask.png
1YSCUJXK1YRTWtVvoGIUzD7dGjlywid6Y	masks/frame-000093.mask.png
1xBo8k1x3cug5HCXreteWRRI35GNy-Ihd	masks/frame-000094.mask.png
1qrY9XhvJOkjGPxH-xqmyOjg6dufeeynq	masks/frame-000095.mask.png
1b1iva3qdjFvvZK0tLrdaT4EX0M9hOU14	masks/frame-000096.mask.png
1cbHlLYQtOn5vhC2RyedmVOQPA1ZAlHMH	masks/frame-000097.mask.png
1JQmFjpgRTosJjruEGIw85So7FCM0FMvj	masks/frame-000098.mask.png
1AgFvcj81ow7RqHZuQuFN5DeMCJIBg9rV	masks/frame-000099.mask.png
1pvQGD2qflMfGmC7Bd8-S0ryJAujxr1sx	masks/frame-000100.mask.png
1P5-UUyS7Ta0C_4dLJjxc4gzY1njd5gKb	masks/frame-000101.mask.png
1VVPU8nI0eCNKPYVLrFmTO9YeEnxAVAkK	masks/frame-000102.mask.png
1-RiZScCz6z0OWl0TeXTgsFApcF9HDUMr	masks/frame-000103.mask.png
1j2kaFipDHNc17sMgxxsvn9YeiPSDECzS	masks/frame-000104.mask.png
1AkypxgBSoLZycgNQzCxgmWGacUILtqFG	masks/frame-000105.mask.png
1vZJ3Fq3tM241Bd8CwMrWtlfqDIS04bQ5	masks/frame-000106.mask.png
13UNkyMqcO0v_XnahQ4WVRAyBvalVERBB	masks/frame-000107.mask.png
1IP009KK2c3MifCloSixU154wcnqfx5J1	masks/frame-000108.mask.png
1osE8sIk_BTQi9wpowT6DHxYF8pbVZKel	masks/frame-000109.mask.png
1IRho_1sBgwLenWRBgFJzv4i5DqPRAFCg	masks/frame-000110.mask.png
1-45bBHgzhDVy9DpVTcBYxlEBfFe_r-Wv	masks/frame-000111.mask.png
1RLi0TXU4HkKjBQ9Jd0p4cn4e34oRbdjM	masks/frame-000112.mask.png
1fLP1qxW94IrtV_-uHqdtcXaFRtKo2zzY	masks/frame-000113.mask.png
1gxPULORN9rvZ7A_27KHYk1x4PGExRpJv	masks/frame-000114.mask.png
1aeIN04EXYhpwh_DOwUj-1Y7106PFdngU	masks/frame-000115.mask.png
1eQ02KH_m4vLwqR5YEZZ4NIUibrDzx0KR	masks/frame-000116.mask.png
1ZiuqjyVi0QlC-ZygjIpugK9qw4LPfPkR	masks/frame-000117.mask.png
1oS3S6CDwFae6rdgm_TjtrWRWi3jWsFvb	masks/frame-000118.mask.png
1IbfID-YpSXA_XtDjIk9TVa6GSR-WjiLs	masks/frame-000119.mask.png
1BK2YgOFg1RUlK09JT4HWq6XdTR7XrLjD	masks/frame-000120.mask.png
1ZAG-DpkPOw1xrdKm9oqMfpY9RYxm_Ynt	masks/frame-000121.mask.png
1CcxeC21y6KG_9eP_f_fAmTlerHwO8FZY	masks/frame-000122.mask.png
1zmql5jFsSxBZUXBSEKUc_Qvpb6SMnLL8	masks/frame-000123.mask.png
1OmYtkz-FC7LEqqK8DSFUvjZ16uwMCag2	masks/frame-000124.mask.png
1yskWB9v-14k9bYlokRD0GB5-QKA_tpN2	masks/frame-000125.mask.png
1-9Kg4Gu4BpqydG5aKYuFsxl0KLJAOX2A	masks/frame-000126.mask.png
19SydIElA_vTSrND2X5nfumAvx2a-kIE-	masks/frame-000127.mask.png
1geOK8aycFUVc7Zti2Uo4L3a8gcrUPDGz	masks/frame-000128.mask.png
1rfQvCeH0alTBT5xJk80t6z0CNIexyxuY	masks/frame-000129.mask.png
11CEKrGniEAluQBCXIcWTjs-Tb6gXGgoN	masks/frame-000130.mask.png
1al7nDTVHqN9wZEFoyEZ2BflAIEeF6I8n	masks/frame-000131.mask.png
1J8F3QKHzV_AxBvBB13P3p0iiABWql0R1	masks/frame-000132.mask.png
1BG6JYTOhxC4hq8K1nH_nIsx26u0wBKMd	masks/frame-000133.mask.png
1vJm8p1jAyRDbxJRXHYEfzBwVujZIT3Og	masks/frame-000134.mask.png
10xO6YgObymd10qm8PPGyDBS7NyZUixrf	masks/frame-000135.mask.png
1sRdVuH82jG6KFUqiqgVycHPxXKgLZEEt	masks/frame-000136.mask.png
1sildcjNN6zolb9VjWAQBGSZBSXaW8i2L	masks/frame-000137.mask.png
1UfqZ0xGg4gp0MRfq3j8OTl7FtbK4hmIG	masks/frame-000138.mask.png
1aD85-qVnlv_P5u_FZK0dErvggJCAgBHc	masks/frame-000139.mask.png
1qW3bYuhjXZxcG64DvbfgQeq16InQUxiN	masks/frame-000140.mask.png
1uIheBg2HaJL3bw3h8il3e_ifx2u5jTjC	masks/frame-000141.mask.png
1mC68Q1tBETwl5_WYXEsKVQUx9lCahK-S	masks/frame-000142.mask.png
1pMYe4qrR3OTYLXIAq7DhigKsd_vKTNSb	masks/frame-000143.mask.png
1m5_zM5G-z8rUMVIr8ZVrSB9LnjsANYrm	masks/frame-000144.mask.png
1wsj2clz4e-FyaA9Mr72ore348ZwGaoVd	masks/frame-000145.mask.png
1V-Xcb_haXaqwLLH46Ztz5xZq7mKBmVEe	masks/frame-000146.mask.png
1jcySLzVYXedXF_y6VjIdkX8erJj2UmbD	masks/frame-000147.mask.png
1ofRJvUvU5mvU2nC6u1KQubAylw0PLbK3	masks/frame-000148.mask.png
1PSqPe4xEp6ZUdmMpZWnP8Sf5z7umTQgj	masks/frame-000149.mask.png
1WYVRNDcvF_UrAwNS2XiorYhmUf6Tyknz	masks/frame-000150.mask.png
1z2Z4Fe9wkPiap5GQ7BExWvXVZxVaHRwA	masks/frame-000151.mask.png
16hrWGU-TWld3VysJR1dhO2TLGK0RCJQl	masks/frame-000152.mask.png
13yftFyccUod65LvuHwTWEawz_tO2Rq2C	masks/frame-000153.mask.png
1RSSQEVSCavAIgWFysDN3dyWzQBGIPKdp	masks/frame-000154.mask.png
1eqT9nKSvXpVYOB92zrzQWyYxmBU4EO96	masks/frame-000155.mask.png
1igbMdvl6qnrtoAhoWU9q-WeJ-TK3RlKY	poses_bounds.npy
